Model,AUC,AUC_CI_Low,AUC_CI_High,Accuracy,Precision,Recall,F1,Sensitivity,Specificity
Elastic Net,0.9600000000000001,0.8095238095238095,1.0,0.9,1.0,0.8,0.888888888888889,0.8,1.0
Random Forest,0.88,0.5625,1.0,0.9,1.0,0.8,0.888888888888889,0.8,1.0
EpiAlcNet,0.8400000000000001,0.4285714285714286,1.0,0.7,1.0,0.4,0.5714285714285715,0.4,1.0
